[
{
  "model": "landing.landing",
  "pk": 1,
  "fields": {
    "key": "title_banner_home",
    "value": "ุฏุฑุขูุฏุชู ุฒุงุฏุชุฑ ฺฉู",
    "tag": "HOME"
  }
},
{
  "model": "landing.landing",
  "pk": 2,
  "fields": {
    "key": "txt_banner_home",
    "value": "ูุฒฺฏุฑุฏ ุฑุง ุจู ุนููุงู ุขฺุงูุณ ุฏุฌุชุงู ุฎูุฏ ุงูุชุฎุงุจ ฺฉูุฏ ู ุจุง ููุงูุฑ ูุง ุจุฑูุฏู ู ุฑุงูฺฉุงุฑ ูุง ุฎูุงูุงูู ุ ฺฉุณุจ ู ฺฉุงุฑ ุฎูุฏ ุฑุง ูพุดุฑูุช ุฏูุฏ ู ุจููุฏุชุฑู ููู ูุงุฑุง ูุชุญ ฺฉูุฏ",
    "tag": "HOME"
  }
},
{
  "model": "landing.landing",
  "pk": 3,
  "fields": {
    "key": "btn_banner_home",
    "value": "ุฏุฑุขูุฏ ุฎูุฏุชู ุจุดุชุฑ ฺฉู",
    "tag": "HOME"
  }
},
{
  "model": "landing.landing",
  "pk": 4,
  "fields": {
    "key": "address",
    "value": "ฺฉุฑุฌ",
    "tag": "GEN"
  }
},
{
  "model": "landing.landing",
  "pk": 5,
  "fields": {
    "key": "title_menu_contact",
    "value": "ุงุฑุชุจุงุท ุจุง ูุฒฺฏุฑุฏ",
    "tag": "MENU"
  }
},
{
  "model": "landing.landing",
  "pk": 6,
  "fields": {
    "key": "title_menu_call",
    "value": "ฒด / ท ุจู ูุง ุฒูฺฏ ุจุฒูุฏ",
    "tag": "MENU"
  }
},
{
  "model": "landing.landing",
  "pk": 7,
  "fields": {
    "key": "phone",
    "value": "989001702111",
    "tag": "GEN"
  }
},
{
  "model": "landing.landing",
  "pk": 8,
  "fields": {
    "key": "title_menu_social",
    "value": "ุดุจฺฉู ูุง ุงุฌุชูุงุน ููู",
    "tag": "MENU"
  }
},
{
  "model": "landing.landing",
  "pk": 9,
  "fields": {
    "key": "psh_search_menu",
    "value": "...ุฌุณุชุฌู",
    "tag": "menu"
  }
},
{
  "model": "landing.landing",
  "pk": 10,
  "fields": {
    "key": "title_service_home",
    "value": "ฺู ฺฉูฺฉ ุงุฒ ุฏุณุชููู ุจุฑ ูุงุฏุ",
    "tag": "HOME"
  }
},
{
  "model": "landing.landing",
  "pk": 11,
  "fields": {
    "key": "txt_service_home",
    "value": "ุฑุงูฺฉุงุฑ ูุง ูุฒฺฏุฑุฏ",
    "tag": "HOME"
  }
},
{
  "model": "landing.landing",
  "pk": 12,
  "fields": {
    "key": "sub_txt_service_home",
    "value": "ูุง ุชู ูุฒฺฏุฑุฏ ุชูุงุด ฺฉุฑุฏู ฺฉู ูุดฺฉูุงุช ู ุณุฎุช ูุง ุดูุง ุฑู ุจุดูุงุณู ู ุจุฑุงุดูู ุฑุงู ุญู ูพุฏุง ฺฉูู ู ฺฉูฺฉุชูู ฺฉูู.",
    "tag": "HOME"
  }
},
{
  "model": "landing.landing",
  "pk": 13,
  "fields": {
    "key": "btn_service_home",
    "value": "ุฏุฑููุฑุฏุด ุจุฎูู",
    "tag": "HOME"
  }
},
{
  "model": "landing.landing",
  "pk": 14,
  "fields": {
    "key": "title_deliverd_project",
    "value": "ุฏุณุชุงูุฑุฏ ูุง",
    "tag": "PRJCT"
  }
},
{
  "model": "landing.landing",
  "pk": 15,
  "fields": {
    "key": "txt_deliverd_project",
    "value": "ุชูุงุด ฺฉุฑุฏู ุจู ุจุชุฑู ุดฺฉู ุงู ูพุฑูฺู ุฑู ุงูุฌุงู ุจุฏู ู ุฌูู ุจุจุฑูุ ูุดฺฉูุงุช ฺฉู ุญู ฺฉุฑุฏูุฏ ู ุจูุจูุฏ ูุง ฺฉู ุฏุงุฏู ุฑู ุจุฑุงุชูู ูุณุช ฺฉุฑุฏู",
    "tag": "PRJCT"
  }
},
{
  "model": "landing.landing",
  "pk": 16,
  "fields": {
    "key": "btn_deliverd_project",
    "value": "ุดูุง ูู ุงูุฏุงู ฺฉูุฏ",
    "tag": "PRJCT"
  }
},
{
  "model": "landing.landing",
  "pk": 17,
  "fields": {
    "key": "title_cta",
    "value": "ููฺฉุงุฑ ุจุง ูุฒฺฏุฑุฏ",
    "tag": "GEN"
  }
},
{
  "model": "landing.landing",
  "pk": 18,
  "fields": {
    "key": "txt_cta",
    "value": "ูุดฺฉูุงุช ุฎูุฏุชููู ุจุงูุง ุฏุฑ ููู ุจุฒุงุฑุฏ ู ุญู ฺฉุฑุฏูุดู ุจุณูพุงุฑุฏ ุจู ูุฒฺฏุฑุฏ",
    "tag": "GEN"
  }
},
{
  "model": "landing.landing",
  "pk": 19,
  "fields": {
    "key": "btn_cta",
    "value": "ุชูุงุณ ุจุง ูุฒฺฏุฑุฏ",
    "tag": "GEN"
  }
},
{
  "model": "landing.landing",
  "pk": 20,
  "fields": {
    "key": "btn_case_study_home",
    "value": "ุฏุฑ ููุฑุฏ ุงู ุฎุฏูุช",
    "tag": "HOME"
  }
},
{
  "model": "landing.landing",
  "pk": 21,
  "fields": {
    "key": "title_about_home",
    "value": "ุฏุฑุจุงุฑู ูุฒฺฏุฑุฏ",
    "tag": "HOME"
  }
},
{
  "model": "landing.landing",
  "pk": 22,
  "fields": {
    "key": "title_sub_about_home",
    "value": "ูุฒฺฏุฑุฏุ ูุงุจู ุงุนุชูุงุฏ",
    "tag": "HOME"
  }
},
{
  "model": "landing.landing",
  "pk": 23,
  "fields": {
    "key": "txt_about_home",
    "value": "ูุง ุชู ูุฒฺฏุฑุฏ ุณุน ฺฉุฑุฏู ุจูุชุฑู ูุดุงูุฑุงู ู ูุชุฎุตุตุงู ุญูุฒู ุฏุฌุชุงู ุฑุง ฺฏุฑุฏ ูู ุจุงุฑู ู ุจุง ฺฉูฺฉุดูู ูุดฺฉูุงุชุชููู ุจุงูู ุญู ฺฉููุ ฺฉู ุดูุง ุจุง ูุฑู ุจุง ฺฉ ุญุฑูู ุง ุตุญุจุช ฺฉูุ ุงุฒ ูุดุงูุฑู ุฑุงฺฏุงูููู ุจุฑุฎูุฑุฏุงุฑ ุจุดุฏ ู ูู ูุชููู ุจุงูุงููู ุชูุงุณ ุจฺฏุฑู.",
    "tag": "HOME"
  }
},
{
  "model": "landing.landing",
  "pk": 24,
  "fields": {
    "key": "title_talk_to_expert_home",
    "value": "ุจุง ฺฉ ุญุฑูู ุง ุตุญุจุช ฺฉู",
    "tag": "HOME"
  }
},
{
  "model": "landing.landing",
  "pk": 25,
  "fields": {
    "key": "name_talk_to_expert_home",
    "value": "ูุงู",
    "tag": "HOME"
  }
},
{
  "model": "landing.landing",
  "pk": 26,
  "fields": {
    "key": "email_talk_to_expert_home",
    "value": "ุงูู",
    "tag": "HOME"
  }
},
{
  "model": "landing.landing",
  "pk": 27,
  "fields": {
    "key": "phone_talk_to_expert_home",
    "value": "ุดูุงุฑู ุชููู",
    "tag": "HOME"
  }
},
{
  "model": "landing.landing",
  "pk": 28,
  "fields": {
    "key": "btn_talk_to_expert",
    "value": "ูพุงู ุจูุฑุณุชุฏ !",
    "tag": "HOME"
  }
},
{
  "model": "landing.landing",
  "pk": 29,
  "fields": {
    "key": "title_project_home",
    "value": "ูพุฑูฺู ูุง ูุฒฺฏุฑุฏ",
    "tag": "HOME"
  }
},
{
  "model": "landing.landing",
  "pk": 30,
  "fields": {
    "key": "title_sub_project_home",
    "value": "ฺูุฏ ุชุง ุงุฒ ูพุฑูฺู ูุง ฺฉู ุฎู ุฏูุณุดูู ุฏุงุฑู",
    "tag": "HOME"
  }
},
{
  "model": "landing.landing",
  "pk": 31,
  "fields": {
    "key": "all_project_txt_home",
    "value": "ุชูุงู ฺฉุงุฑ ูุง",
    "tag": "HOME"
  }
},
{
  "model": "landing.landing",
  "pk": 32,
  "fields": {
    "key": "title_counter_home",
    "value": "ูุฒฺฏุฑุฏุ ุขฺุงูุณ ุฏุฌุชุงูุชูู",
    "tag": "HOME"
  }
},
{
  "model": "landing.landing",
  "pk": 33,
  "fields": {
    "key": "title_sub_counter_home",
    "value": "ุจุฑุง ูุฏูุงุช ููุดู ุจฺฉุด",
    "tag": "HOME"
  }
},
{
  "model": "landing.landing",
  "pk": 34,
  "fields": {
    "key": "txt_counter_home",
    "value": "ูุง ุจุง ฺฉูฺฉ ูุดุงูุฑุงู ู ูุชุฎุตุต ูุง ุจุงููุดูููุ ูุชููู ุฑูุงูุงุชููู ุฑู ูุงูุน ฺฉูู",
    "tag": "HOME"
  }
},
{
  "model": "landing.landing",
  "pk": 35,
  "fields": {
    "key": "title_kudos_home",
    "value": "ู ุงูุง ุจุดููุฏ ุงุฒ ุฏูุณุชุงู ฺฉู ุจูููู ุงุนุชูุงุฏ ฺฉุฑุฏู",
    "tag": "HOME"
  }
},
{
  "model": "landing.landing",
  "pk": 36,
  "fields": {
    "key": "title_sub_kudos_home",
    "value": "ููุด ุขูุฑู ุงุฏู ูุงุ\r\n<br>\r\n ุงุฌุฑุง ฺฉุฑุฏู ุณุฎุช ุชุฑู ุณููู ูุง",
    "tag": "HOME"
  }
},
{
  "model": "landing.landing",
  "pk": 37,
  "fields": {
    "key": "txt_kudos_home",
    "value": "ุชู ุงู ุณุงูุงุ ุฎูุง ุจูููู ุงุนุชูุงุฏ ฺฉุฑุฏู ู ุชุจุฏู ุจู ุจุชูุฑู ุฏูุณุช ูุงููู ุดุฏูุ ูุง ูู ุงุฒุดูู ุฎูุงุณุชู ุจุฑุงููู ุฏุฑููุฑุฏ ูุฒฺฏุฑุฏ ุจฺฏู ู ุจุง ุงุฌุงุฒู ุฎูุฏุดูู ุจุฒุงุฑูุด ุงูุฌุง",
    "tag": "NULL"
  }
},
{
  "model": "landing.landing",
  "pk": 38,
  "fields": {
    "key": "title_customers_home",
    "value": "ุฏูุณุชุงู ูุง",
    "tag": "HOME"
  }
},
{
  "model": "landing.landing",
  "pk": 39,
  "fields": {
    "key": "title_sub_customers_home",
    "value": "ููููู ฺฉู ุจูููู ุงุนุชูุงุฏ ฺฉุฑุฏู",
    "tag": "HOME"
  }
},
{
  "model": "landing.landing",
  "pk": 40,
  "fields": {
    "key": "txt_customers_home",
    "value": "ุฎู ุฎูุดุญุงูู ฺฉู ุชููุณุชู ููฺฉุงุฑ ู ุฏูุณุชุชูู ุจุงุดู",
    "tag": "HOME"
  }
},
{
  "model": "landing.landing",
  "pk": 41,
  "fields": {
    "key": "title_service",
    "value": "ุฑุงูฺฉุงุฑ ูุง ูุฒฺฏุฑุฏ",
    "tag": "SRVIC"
  }
},
{
  "model": "landing.landing",
  "pk": 42,
  "fields": {
    "key": "txt_service",
    "value": "ูุง ุฏุฑ ูุฒฺฏุฑุฏ ุชูุงุด ูฺฉูู ฺฉู ุจูุชุฑู ุฑุงูฺฉุงุฑ ูุงุฑู ุจู ุดูุง ุงุฑุงู ุจฺฉูู ู ุจุง ูุชุฎุตุต ูุง ู ูุดุงูุฑุงู ูุงูุฑููู ุจู ุจูุชุฑู ุดฺฉู ูุดฺฉูุงุชุชููู ุญู ุจฺฉูู",
    "tag": "SRVIC"
  }
},
{
  "model": "landing.landing",
  "pk": 43,
  "fields": {
    "key": "title_service_service",
    "value": "ุฎุฏูุช",
    "tag": "SRVIC"
  }
},
{
  "model": "landing.landing",
  "pk": 44,
  "fields": {
    "key": "btn_service_service",
    "value": "ุจุดุชุฑ ุฏุฑููุฑุฏุด ุจุฎูู",
    "tag": "SRVIC"
  }
},
{
  "model": "landing.landing",
  "pk": 45,
  "fields": {
    "key": "title_projects",
    "value": "ูพุฑูฺู ูุง ูุฒฺฏุฑุฏ",
    "tag": "SRVIC"
  }
},
{
  "model": "landing.landing",
  "pk": 46,
  "fields": {
    "key": "txt_projects",
    "value": "ูพุฑูฺู ูุง ูุง ุจฺู ูุง ูุง ูุณุชู ู ุนุงุดู ุฏุฏู ุจุฒุฑฺฏ ุดุฏูุดูู ูุณุชู ู ุจุฑุงุดูู ฺฉู ููุฒุงุฑูุ ฺูุฏ ุชุง ุงุฒ ุงููุง ฺฉู ุฎู ุฏูุณุดูู ุฏุงุฑูู ุจุฑุงุชูู ฺฏุฐุงุดุชู",
    "tag": "SRVIC"
  }
},
{
  "model": "landing.landing",
  "pk": 47,
  "fields": {
    "key": "title_about",
    "value": "ูุฒฺฏุฑุฏุ ุจุงูุฑ ฺฉ ุฑูุง",
    "tag": "ABOUT"
  }
},
{
  "model": "landing.landing",
  "pk": 48,
  "fields": {
    "key": "txt_about",
    "value": "ูุฒฺฏุฑุฏ ุณุงู นท ุจู ุฏูุง ุงููุฏ ู ูุง ุณุน ฺฉุฑุฏู ุชู ุงู ุณุงู ูุง ุฎู ูุฑุงูุจ ฺฉุณุจ ู ฺฉุงุฑุง ฺฉู ุจูููู ุงุนุชูุงุฏ ฺฉุฑุฏู ุจุงุดู ู ุจุง ุชูุงุด ููู ุจฺู ูุง ู ูุทู ุฎุฏุง ุชููุณุชู ุชุง ุงูุงู ฺฉ ุงุฒ ุจูุชุฑูุง ุจุงุดู",
    "tag": "NULL"
  }
},
{
  "model": "landing.landing",
  "pk": 49,
  "fields": {
    "key": "title_about_about",
    "value": "ุชุนุฑู ุงุฒ ุฎูุฏ ูุจุงุดู",
    "tag": "ABOUT"
  }
},
{
  "model": "landing.landing",
  "pk": 50,
  "fields": {
    "key": "title_sub_about_about",
    "value": "ูุฒฺฏุฑุฏุ \r\n<b>ุฎูุงูุช</b>\r\n ู\r\n<b>ุชุฌุฑุจู</b>",
    "tag": "ABOUT"
  }
},
{
  "model": "landing.landing",
  "pk": 51,
  "fields": {
    "key": "txt_about_about",
    "value": "ุชูุงู ุชูุงุด ูุฒฺฏุฑุฏ ุชู ุงูู ฺฉู ุจุง ุฌุฏุฏุชุฑู ุงุจุฒุงุฑุง ู ุจูุชุฑู ุงูุฑุงุฏุ ุชู ุฒูุงู ููุงุณุจุ ุจูุชุฑู ฺฉุงุฑ ุฑู ุงุฑุงูู ฺฉูู",
    "tag": "ABOUT"
  }
},
{
  "model": "landing.landing",
  "pk": 52,
  "fields": {
    "key": "counter_experience_about_about",
    "value": "5",
    "tag": "ABOUT"
  }
},
{
  "model": "landing.landing",
  "pk": 53,
  "fields": {
    "key": "txt_experience_about_about",
    "value": "ุณุงู ุฏุฑ ุจุงุฒุงุฑ",
    "tag": "ABOUT"
  }
},
{
  "model": "landing.landing",
  "pk": 54,
  "fields": {
    "key": "txt_project_about_about",
    "value": "ูพุฑูฺู ูุง ูููู",
    "tag": "ABOUT"
  }
},
{
  "model": "landing.landing",
  "pk": 55,
  "fields": {
    "key": "title_team_about",
    "value": "ูุฒฺฏุฑุฏ ูุจู ูุฏุงุฑู",
    "tag": "ABOUT"
  }
},
{
  "model": "landing.landing",
  "pk": 56,
  "fields": {
    "key": "title_sub_team_about",
    "value": "ูุง ฺฉ ุชู ู ฺฉ ุฎุงููุงุฏู ูุณุชู",
    "tag": "ABOUT"
  }
},
{
  "model": "landing.landing",
  "pk": 57,
  "fields": {
    "key": "txt_team_about",
    "value": "ุชู ุชู ูุฒฺฏุฑุฏ ููู ุจุงูู ุจุฑุงุจุฑู ู ุงู ูุงููู ุงูููุ ู ุงูุฌุง ุงูู ูุงู ุจุนุฏ ฺฉุงุฑูุ ุจุฑุง ููู ููุดู ฺฉุงุฑ ฺฉุฑุฏู ุฎูุด ูฺฏุฐุฑู !โ\r\nูุง ููุดู ุฏูุณุช ุฏุงุฑู ุจุง ุฎูุด ุณููู ูุง ู ุจุงููุดุง ฺฉุงุฑ ฺฉูู ู ููุชุธุฑุช ูุณุชู",
    "tag": "NULL"
  }
},
{
  "model": "landing.landing",
  "pk": 58,
  "fields": {
    "key": "title_contact",
    "value": "ุชูุงุณ ุจุง ูุฒฺฏุฑุฏ",
    "tag": "CNTCT"
  }
},
{
  "model": "landing.landing",
  "pk": 59,
  "fields": {
    "key": "txt_contact",
    "value": "ุงุฒ ุฑุงู ูุง ุฒุฑ ูุชูู ุจุง ูุฒฺฏุฑุฏ ุฏุฑ ุงุฑุชุจุงุท ุจุงุด ู ูุดฺฉูุงุชุชู ุฏุฑ ููู ุจุฒุงุฑ ุชุง ุจุงูู ุญูุดูู ฺฉูู",
    "tag": "CNTCT"
  }
},
{
  "model": "landing.landing",
  "pk": 60,
  "fields": {
    "key": "title_phone_about",
    "value": "ุชููู ฺฉู!",
    "tag": "CNTCT"
  }
},
{
  "model": "landing.landing",
  "pk": 61,
  "fields": {
    "key": "txt_phone_about",
    "value": "ุจุณุช ู ฺูุงุฑ ุณุงุนุช ุฑูุฒุ ููุช ุฑูุฒ ููุชู",
    "tag": "CNTCT"
  }
},
{
  "model": "landing.landing",
  "pk": 62,
  "fields": {
    "key": "email",
    "value": "info@theroundtable.ir",
    "tag": "GEN"
  }
},
{
  "model": "landing.landing",
  "pk": 63,
  "fields": {
    "key": "title_email_about",
    "value": "ุงูู ฺฉู!",
    "tag": "CNTCT"
  }
},
{
  "model": "landing.landing",
  "pk": 64,
  "fields": {
    "key": "txt_email_about",
    "value": "ุณุฑุน ุฌูุงุจุชู ูุฏู",
    "tag": "CNTCT"
  }
},
{
  "model": "landing.landing",
  "pk": 65,
  "fields": {
    "key": "title_office_contact",
    "value": "ููู ุฏุนูุชู",
    "tag": "CNTCT"
  }
},
{
  "model": "landing.landing",
  "pk": 66,
  "fields": {
    "key": "txt_office_contact",
    "value": "ุญุถูุฑ ุจุงุฏ ูพุดููู",
    "tag": "CNTCT"
  }
},
{
  "model": "landing.landing",
  "pk": 67,
  "fields": {
    "key": "office",
    "value": "ฺฉุฑุฌ",
    "tag": "GEN"
  }
},
{
  "model": "landing.landing",
  "pk": 68,
  "fields": {
    "key": "office_address",
    "value": "ฺฉุฑุฌ",
    "tag": "GEN"
  }
},
{
  "model": "landing.landing",
  "pk": 69,
  "fields": {
    "key": "title_subscribe_footer",
    "value": "ุฒูุฏ ุชุฑ ุงุฒ ููู ุจุฏูู",
    "tag": "HOME"
  }
},
{
  "model": "landing.landing",
  "pk": 70,
  "fields": {
    "key": "txt_subscribe_footer",
    "value": "ุจุง ุนุถู ุดุฏู ุฏุฑ ุจุงุดฺฏุงู ูุฒฺฏุฑุฏุ ุฒูุฏ ุชุฑ ุงุฒ ููู ุฎุจุฑุฑุงุฑู ุจุฏูู ู ุนูุจ ูููู",
    "tag": "HOME"
  }
},
{
  "model": "landing.landing",
  "pk": 71,
  "fields": {
    "key": "btn_subscribe_footer",
    "value": "ุงุถุงูู ุดู",
    "tag": "HOME"
  }
},
{
  "model": "landing.landing",
  "pk": 72,
  "fields": {
    "key": "email_subscribe_footer",
    "value": "ุงูู",
    "tag": "HOME"
  }
},
{
  "model": "landing.landing",
  "pk": 73,
  "fields": {
    "key": "title_service_footer",
    "value": "ุณุฑูุณ ูุง",
    "tag": "SERVC"
  }
},
{
  "model": "landing.landing",
  "pk": 74,
  "fields": {
    "key": "title_support_footer",
    "value": "ูพุดุชุจุงู",
    "tag": "HOME"
  }
},
{
  "model": "landing.landing",
  "pk": 75,
  "fields": {
    "key": "title_resources_footer",
    "value": "ููุงุจุน",
    "tag": "HOME"
  }
},
{
  "model": "landing.landing",
  "pk": 76,
  "fields": {
    "key": "copyright_footer",
    "value": "ยฉ 2022 ุชูุงู ุญููู ูุงู ูุฒฺฏุฑุฏู ู ูุฑฺฏููู ฺฉูพ ุจุฑุฏุงุฑ ุฏุฑ ูุนุฑูุช ููฺฉุงุฑ ููฺฏูุฌู",
    "tag": "HOME"
  }
},
{
  "model": "landing.landing",
  "pk": 77,
  "fields": {
    "key": "title_blog",
    "value": "ุจูุงฺฏ",
    "tag": "BLG"
  }
},
{
  "model": "landing.landing",
  "pk": 78,
  "fields": {
    "key": "title_time_to_read_blog",
    "value": "ุฏููู",
    "tag": "BLG"
  }
},
{
  "model": "landing.landing",
  "pk": 79,
  "fields": {
    "key": "btn_read_more_blog",
    "value": "ุจุดุชุฑ ุจุฎูุงูุฏ",
    "tag": "BLG"
  }
},
{
  "model": "landing.landing",
  "pk": 80,
  "fields": {
    "key": "txt_serach_blog",
    "value": "ุฌุณุชุฌู",
    "tag": "BLG"
  }
},
{
  "model": "landing.landing",
  "pk": 81,
  "fields": {
    "key": "title_category_blog",
    "value": "ุฏุณุชู ุจูุฏ ูุง",
    "tag": "BLG"
  }
},
{
  "model": "landing.landing",
  "pk": 82,
  "fields": {
    "key": "title_fallow_social_blog",
    "value": "ุณูุดุงู",
    "tag": "BLG"
  }
},
{
  "model": "landing.landing",
  "pk": 83,
  "fields": {
    "key": "title_latest_post_blog",
    "value": "ูพุณุช ูุง ุงุฎุฑ",
    "tag": "BLG"
  }
},
{
  "model": "landing.landing",
  "pk": 84,
  "fields": {
    "key": "title_comment_blog",
    "value": "ฺฉุงููุช ูุง",
    "tag": "BLG"
  }
},
{
  "model": "landing.landing",
  "pk": 85,
  "fields": {
    "key": "input_email_blog",
    "value": "ุงูู",
    "tag": "BLG"
  }
},
{
  "model": "landing.landing",
  "pk": 86,
  "fields": {
    "key": "input_name_blog",
    "value": "ูุงู",
    "tag": "BLG"
  }
},
{
  "model": "landing.landing",
  "pk": 87,
  "fields": {
    "key": "input_comment_blog",
    "value": "ฺฉุงููุช",
    "tag": "BLG"
  }
},
{
  "model": "landing.landing",
  "pk": 88,
  "fields": {
    "key": "title_comment_blog",
    "value": "ฺฉุงููุช ุจฺฏุฐุงุฑุฏ",
    "tag": "BLG"
  }
},
{
  "model": "landing.landing",
  "pk": 89,
  "fields": {
    "key": "btn_comment_blog",
    "value": "ฺฉุงููุช!",
    "tag": "BLG"
  }
},
{
  "model": "landing.landing",
  "pk": 90,
  "fields": {
    "key": "title_related_post",
    "value": "ูพุณุช ูุง ูุฑุชุจุท",
    "tag": "BLG"
  }
},
{
  "model": "landing.landing",
  "pk": 91,
  "fields": {
    "key": "title_blog_home",
    "value": "ุขุฎุฑู ุงุฎุจุงุฑ",
    "tag": "HOME"
  }
},
{
  "model": "landing.landing",
  "pk": 92,
  "fields": {
    "key": "title_txt_blog_home",
    "value": "ฺู ุฎุจุฑูุ",
    "tag": "HOME"
  }
},
{
  "model": "landing.landing",
  "pk": 93,
  "fields": {
    "key": "txt_blog_home",
    "value": "ุขุฎุฑู ุงุฎุจุงุฑ ุฑูุฒ",
    "tag": "HOME"
  }
},
{
  "model": "landing.landing",
  "pk": 124,
  "fields": {
    "key": "title_login",
    "value": "๐ ุจู ูุฒฺฏุฑุฏ ุฎูุด ุงููุฏู",
    "tag": "AUTH"
  }
},
{
  "model": "landing.landing",
  "pk": 125,
  "fields": {
    "key": "txt_login",
    "value": "ูุทูุง ูุงุฑุฏ ุดูุฏ ุชุง ุจู ุฏุงุดุจูุฑุฏ ุฏุณุชุฑุณ ุฏุงุดู ุจุงุดุฏ",
    "tag": "AUTH"
  }
},
{
  "model": "landing.landing",
  "pk": 126,
  "fields": {
    "key": "subtitle_service_project",
    "value": "ูพุฑูฺู ูุง ุงุฒ ุงู ุฏุณุช",
    "tag": "SRVCE"
  }
},
{
  "model": "landing.landing",
  "pk": 127,
  "fields": {
    "key": "title_service_project",
    "value": "ฺูุฏ ุชุง ุงุฒ ูพุฑูฺู ูุง ฺฉู ุงูุฌุงู ุดุฏู",
    "tag": "NULL"
  }
},
{
  "model": "landing.menu",
  "pk": 1,
  "fields": {
    "txt": "ุฎุงูู",
    "path_name": "home",
    "blank": false
  }
},
{
  "model": "landing.menu",
  "pk": 2,
  "fields": {
    "txt": "ุฎุฏูุงุช",
    "path_name": "services",
    "blank": false
  }
},
{
  "model": "landing.menu",
  "pk": 3,
  "fields": {
    "txt": "ูพุฑูฺู ูุง",
    "path_name": "projects",
    "blank": false
  }
},
{
  "model": "landing.menu",
  "pk": 4,
  "fields": {
    "txt": "ุฏุงุณุชุงู ูุง",
    "path_name": "about_us",
    "blank": false
  }
},
{
  "model": "landing.menu",
  "pk": 5,
  "fields": {
    "txt": "ุชูุงุณ ุจุง ูุง",
    "path_name": "contact_us",
    "blank": false
  }
},
{
  "model": "landing.menu",
  "pk": 6,
  "fields": {
    "txt": "ุจูุงฺฏ",
    "path_name": "blog",
    "blank": true
  }
},
{
  "model": "landing.menu",
  "pk": 7,
  "fields": {
    "txt": "ูุฑูุฏ",
    "path_name": "login",
    "blank": true
  }
},
{
  "model": "landing.social",
  "pk": 1,
  "fields": {
    "name": "Instagram",
    "icon": "fab fa-instagram",
    "link": "https://www.instagram.com/_ribrea/",
    "color": "RED"
  }
},
{
  "model": "landing.customerl",
  "pk": 3,
  "fields": {
    "name": "ูุฒฺฏุฑุฏ",
    "logo": "customers/0000000.png",
    "website": "https://google.com"
  }
},
{
  "model": "landing.kudos",
  "pk": 3,
  "fields": {
    "customer": 3,
    "role": "CEO",
    "name": "Exbito",
    "img": "customers/Screenshot_from_2021-09-18_23-32-33.png",
    "txt": "asgpj;jgasglgk sag asgk;algk;ak g ;agk ;algka;lgka;kg;lakg;k alskg;alg"
  }
},
{
  "model": "services.servicestype",
  "pk": 37,
  "fields": {
    "name": "ูุฑู ุงูุฒุงุฑ"
  }
},
{
  "model": "services.servicestype",
  "pk": 38,
  "fields": {
    "name": "ุดุจฺฉู ูุง ุงุฌุชูุงุน"
  }
},
{
  "model": "services.servicestype",
  "pk": 39,
  "fields": {
    "name": "ูุงุฑฺฉุชูฺฏ"
  }
},
{
  "model": "services.servicestype",
  "pk": 40,
  "fields": {
    "name": "ุงููุช"
  }
},
{
  "model": "services.service",
  "pk": 9,
  "fields": {
    "type": 38,
    "name": "ุชููุฏ ูุญุชูุง",
    "description": "ุฏุฑุณุช ฺฉุฑุฏู ูุญุชูุง ูุง ูุฏูุ ุชุตูุฑ ู ูุชู ููุด ูพุง ูุฒฺฏุฑุฏ\r\n<br><br>\r\nููููุทูุฑ ฺฉู ูุฏููุฏุ ุชู ุฏูุง ุงูุฑูุฒุ ููู ุชุฑู ุจุฎุด ูุญุชูุง ุงุณุช ฺฉู ููุฌุจ ูพุดุฑูุช ุดูุง ุฏุฑ ูุถุง ุฏุฌุชุงู ูุดู\r\n<br>\r\nูุง ุชูุชู ูุญุชูุงููู ูุชุฎุตุตุง ุฑู ุฏุงุฑู ฺฉู ฺฉุงุฑุดูู ุฏุฑุณุช ฺฉุฑุฏู ุจูุชุฑู ูุญุชูุง ุจุฑุง ุดูุงุณุช ฺฉู ุจุง ุฎุงู ุฑุงุญุช ุชู ูพูุชูุฑูุชูู ุงุณุชูุงุฏู ฺฉูุฏ ู ุจุดุชุฑู ุจุงุฒุฏู ุฑู ุฏุงุดุชู ุจุงุดุฏ",
    "content": "ุฏุฑุณุช ฺฉุฑุฏู ูุญุชูุง ูุง ูุฏูุ ุชุตูุฑ ู ูุชู ููุด ูพุง ูุฒฺฏุฑุฏ",
    "img": "services/banner-thumb-1_gjssaDd.png",
    "icon": "services/marketing_-_small.png",
    "case_study": true
  }
},
{
  "model": "services.service",
  "pk": 10,
  "fields": {
    "type": 38,
    "name": "ูุฏุฑุช ุดุจฺฉู ูุง ุงุฌุชูุงุน",
    "description": "ุงู ุฑูุฒุง ฺฉุณ ูุณุช ฺฉู ุชู ุดุจฺฉู ูุง ุงุฌุชูุงุน ูุนุงูุช ูุฏุงุดุชู ุจุงุดูุ ุงุฒ ุทุฑู ฺฉ ุงุฒ ุจูุชุฑู ููุงุจุน ุจุฑุง ุฏุฑุขูุฏ ู ูุนุฑู ฺฉุณุจ ู ฺฉุงุฑุชูู ุจู ุจูู ุงุณุช\r\n<br>\r\nูุฒฺฏุฑุฏ ุจุง ุชุฌุฑุจู  ู ุดูุงุฎุช ฺฉู ุชู ุงู ุณุงูุง ฺฉุณุจ ฺฉุฑุฏู ูุชููู ุจุง ุชูุฌู ุจู ุงูฺฏูุฑุชู ูุง ู ุฏุฑุฎูุงุณุช ูุง ุดุจฺฉู ุงุฌุชูุงุน ูุง ูุซู ุงูุณุชุงฺฏุฑุงูุ ุชูุชุชุฑุ \r\nููฺฉุฏูุ ูุชูุจ ู ุชฺฉ ุชุงฺฉ ูุนุงูุช ฺฉูู ู ุชู ุฑุดุฏ ู ุฏุฑุขูุฏ ฺฉูฺฉุชูู ฺฉูู\r\n<br>\r\nูุง ุชู ูุฒฺฏุฑุฏ ุชููู ุชูุงุดููู ุจุฑ ุงูู ฺฉู ุจุง ุดุจฺฉู ูุง ุงุฌุชูุงุน ููฺฏุงู ุจุงุดู ู ููุดู ุจู ุฑูุฒุชุฑู ุจุงุดู",
    "content": "ูุฏุฑุช ุดุจฺฉู ูุง ุงุฌุชูุงุนุชูู ุจุง ูุฒฺฏุฑุฏ",
    "img": "services/ig-banner_OoeJ9FX.png",
    "icon": "services/icon-42_xDAtPOx.png",
    "case_study": true
  }
},
{
  "model": "services.service",
  "pk": 11,
  "fields": {
    "type": 37,
    "name": "ุทุฑุงุญ ุณุงุช ู ูุฑู ุงูุฒุงุฑ ูุง ูุจ",
    "description": "ุงูุฑูุฒู ุจุง ุชูุฌู ุจู ูพุดุฑูุช ุชฺฉููููฺ ู ุงููุฏู ุดุฑฺฉุช ูุง ฺฉู ูพูุชูุฑู ูุง ุงุจุฑ (ฺฉูุงุฏ ุจุณ) ุงุฑุงู ูฺฉููุ ูุฒูู ูุง ูุจ ุจุณุงุฑ ฺฉู ุดุฏู ู ุฎู ุงุฒ ูุฑู ุงูุฒุงุฑ ูุง ุจู ุณูุช ูุจ ุญุฑฺฉุช ฺฉุฑุฏูุฏ\r\n<br>\r\nุชู ูู ูุฒฺฏุฑุฏุ ุจุง ุชุฌุฑุจู ฺูุฏู ุณุงูู ู ูุนุงูุช ุจู ุฑูุฒ ุฏุฑ ุทุฑุงุญ ู ูุนูุงุฑ ูุฑู ุงูุฒุงุฑุ ุจู ฺฉูฺฉ ุดูุง ูุงุฏ ุชุง ุฑูุง ูุง ู ูุฏู ูุงุชููู ูุงูุน ฺฉูู",
    "content": "ุทุฑุงุญ ูุฑู ุงูุฒุงุฑ ูุงุชูู ุจุง ูุฒฺฏุฑุฏ",
    "img": "services/chat-group.png",
    "icon": "services/icon-37_bcifQaf.png",
    "case_study": false
  }
},
{
  "model": "services.service",
  "pk": 12,
  "fields": {
    "type": 37,
    "name": "ุฎุฏูุงุช ุฏูพูู ู ุฑุงู ุงูุฏุงุฒ",
    "description": "ฺฉ ุงุฒ ูุดฺฉูุงุช ุจุฒุฑฺฏ ุงูุฑูุฒูุ ูุฒูู ูุง ุฏูพูู ุง ุฑุงู ุงูุฏุงุฒ ูุฑู ุงูุฒุงุฑ ุง ุณุงุช ูุง ูุณุชุด ฺฉู ูุฒฺฏุฑุฏ ุจุง ุชุฎุตุต ู ูุดุงูุฑุงูุด ุณุน ูฺฉูู ุงู ุฑุงูู ุจุฑุงุชูู ุขุณูู ุชุฑ ู ฺฉู ูุฒูู ุชุฑ ุจฺฉูู",
    "content": "ุฏูพูู ู ุฑุง ุงูุฏุงุฒ ุจุง ูุฒฺฏุฑุฏ",
    "img": "services/banner-shape-1.png",
    "icon": "services/icon-28.png",
    "case_study": false
  }
},
{
  "model": "services.service",
  "pk": 13,
  "fields": {
    "type": 40,
    "name": "ุงููุช ูุฑู ุงูุฒุงุฑ",
    "description": "ุจุง ูุฑุงฺฏุฑ ุดุฏู ุนูู ุชู ุงู ฺูุฏ ุณุงูุ ู ูพุดุฑูุช ู ุงุถุงูู ุดุฏู ุงูุฑุงุฏ ุจุง ุณูุงุฏ ุฏุฑ ุญูุฒู ูุฑู ุงูุฒุงุฑุ ุงููุช ุจุญุซ ููู ูุณุชุด ฺฉู ุชู ูุฒฺฏุฑุฏ ูุง ุชูุงุด ูฺฉูู ุจุง ุชุฌุฑุจู ู ุจู ุฑูุฒ ุจูุฏูููู ุงู ูุดฺฉู ุฑู ุจุฑุงุชูู ุญู ฺฉูู ู ุดูุง ุฑู ุฏุฑ ููุงุจู ุญููุงุช ููุงูู ุชุฑ ฺฉูู  \r\n๐ช\r\nู\r\n<br>\r\nุชู ุงููุช ูุฒฺฏุฑุฏ ุจุง ุชุฌุฑุจู ฺูุฏู ุณุงูู ุจู ฺฉูฺฉุชูู ูุงุฏ ุชุง ุฏฺฏู ุจู ูุดฺฉูุงุช ุงููุช ู ุขุฏูุง ุจุฏ ูุฎูุฑุฏ\r\n<br>\r\nููุดู ฺฏูุชู ูพุดฺฏุฑ ุจูุชุฑ ุงุฒ ุฏุฑูุงููุ ูพุณ ูุจู ุงุฒ ุงู ฺฉู ุจู ูุดฺฉู ุจุฎูุฑุฏุ ุจุง ูุฒฺฏุฑุฏ ููุฑุงู ุจุงุดุฏ",
    "content": "ุงููุช ุจุญุซ ููู ุฏุฑ ูุฑู ุงูุฒุงุฑ ุงูุฑูุฒุ ููุฑุงู ุจุง ูุฒฺฏุฑุฏ",
    "img": "services/chat-group_Y7ppEPK.png",
    "icon": "services/icon-47.png",
    "case_study": false
  }
},
{
  "model": "services.service",
  "pk": 14,
  "fields": {
    "type": 40,
    "name": "ุงููุช ุดุจฺฉู ูุง ุงุฌุชูุงุน",
    "description": "ุจุญุซ ุฏุงุบ ฺฉู ุงู ุฑูุฒ ูุง ูุดููุฏุ ูฺฉ ุดุฏู ุดุจฺฉู ูุง ุงุฌุชูุงุน ุงุฒ ูุจู ุงูุณุชุงฺฏุฑุงู ู ุฏฺฏุฑ ุดุจฺฉู ูุง ุงุฌุชูุงุน ูุณุชุด ฺฉู ุจุงุนุซ ุงุฒุจู ุฑูุชู ุฒุญูุงุช ุดูุง ูุดู\r\n<br>\r\nุชู ูุฒฺฏุฑุฏ ุจุง ุชุฌุฑุจู ุง ฺฉู ุฏุงุฑู ุฏุฑ ฺฉูุงุฑ ุดูุงุณุช ุชุง ูุฑุงูุจ ุญุณุงุจ ูุง ุดูุง ู ุฒุญูุงุช ุดูุง ุจุงุดู.",
    "content": "ุงููุช ุดุจฺฉู ูุง ุงุฌุชูุงุนุชูู ูพุง ูุฒฺฏุฑุฏ",
    "img": "services/banner-thumb-3.png",
    "icon": "services/icon-40.png",
    "case_study": false
  }
},
{
  "model": "services.service",
  "pk": 15,
  "fields": {
    "type": 39,
    "name": "ุฏุฌุชุงู ูุงุฑฺฉุชูฺฏ",
    "description": "ุจุง ูุฑุงฺฏุฑ ุดุฏู ุงูุชุฑูุช ุฏุฑ ุฏูุงุ ูุงุฑฺฉุชูฺฏ ุชู ุฏูุง ุงูุชุฑูุช ุง ุฏุฌุชุงู ูุงุฑฺฉุชูฺฏ ุฎู ุจุญุซ ููู ุดุฏู ุงุณุช\r\n<br>\r\nุชู ูุงุฑฺฉุชูฺฏ ูุฒฺฏุฑุฏ ุจุง ุชุฌุฑุจู ฺูุฏู ุณุงูู ุฎูุฏ ุฏุฑ ูุถุง ุฏุฌุชุงู ุจู ฺฉูฺฉุชูู ูุงุฏ ุชุง ูุดฺฉูุงุชุชููู ุญู ฺฉูู ู ุจุง ุงุฏู ูุง ููุขูุฑุงูู ูุฑูุดุชููู ุจุดุชุฑ ฺฉูู",
    "content": "ูุงุฑฺฉุชูฺฏ ู ูุฑูุด ุฏุฌุชุงูุ ุจุง ูุฒฺฏุฑุฏ",
    "img": "services/banner-thumb-6_4vIpSVD.png",
    "icon": "services/icon-3.png",
    "case_study": false
  }
},
{
  "model": "services.servicesstep",
  "pk": 5,
  "fields": {
    "service": 9,
    "step": 1,
    "title": "ุดูุงุฎุช ู ุจุฑุฑุณ ูุฎุงุทุจุงู ู ุณููู ุขููุง",
    "description": "ุงููู ู ููู ุชุฑู ฺฉุงุฑ ุดูุงุฎุช ูุฎุงุทุจุงูุชูู ูุณุช ฺฉู ูุฒฺฏุฑุฏ ุจุง ุชุฌุฑุจู ุง ฺฉู ุฏุงุฑู ุจู ุจูุชุฑู ุดฺฉู ูุชููู ูพุฏุงุด ฺฉูู"
  }
},
{
  "model": "services.servicesstep",
  "pk": 6,
  "fields": {
    "service": 9,
    "step": 2,
    "title": "ุชููุฏ ูุญุชูุง",
    "description": "ุฏุฑุณุช ฺฉุฑุฏู ูุญุชูุงุุถุจุท ฺฉุฑุฏูุ ููุดุชูุ ู ุงุฏุช ฺฉุฑุฏู ูุญุชูุง ูุง ุฏุฑ ุงู ูุฑุญูู ุงูุฌุงู ูุดู"
  }
},
{
  "model": "services.servicesstep",
  "pk": 7,
  "fields": {
    "service": 9,
    "step": 3,
    "title": "ุชุณุช",
    "description": "ููู ฺ ุชู ูุฒฺฏุฑุฏ ุชุณุช ูุดูุ ุชุณุช ููู ุชุฑู ุจุฎุด ูุทููู ุดุฏู ู ุชุถูู ุฏุงุฏูู"
  }
},
{
  "model": "services.servicesstep",
  "pk": 8,
  "fields": {
    "service": 9,
    "step": 4,
    "title": "ูฺฏู ุฏุงุฑ ู ูพุดุชุจุงู",
    "description": "ุฑูุน ุงุฑุงุฏ ูุงุ ุชุบุฑุงุชุ ู ูพุดุชุจุงู ูุญุชูุง ุชู ุงู ุจุฎุด ุงูุฌุงู ูุดู ู ฺฉ ุงุฒ ุจุฒุฑฺฏุชุฑู ูุฒุช ูุง ูุฒฺฏุฑุฏู"
  }
},
{
  "model": "services.servicesstep",
  "pk": 9,
  "fields": {
    "service": 10,
    "step": 1,
    "title": "ุจุฑุฑุณ ฺฉุณุจ ู ฺฉุงุฑ ู ุจุงุฒุงุฑ ูุฏู",
    "description": "ุฌุณุชุฌู ุจุงุฒุงุฑ ูุฏู ุงููู ู ููู ุชุฑู ูุฑุญูู ูุณุชุดุ ุฒูุงู ฺฉู ูุฎุงุทุจุงูุชูู ุจุดุชุฑู ุชุนุงูู ุฑู ุจุง ุดุจฺฉู ูุง ุงุฌุชูุงุน ุฏุงุฑูุฏุ ู ูพุงุฑุงูุชุฑ ูุง ุฏฺฏู ฺฉู ุจุงุนุซ ูุดู ุจุดุชุฑู ุจุงุฒุฎูุฑุฏ ุฑู ุฏุงุดุชู ุจุงุดุฏ"
  }
},
{
  "model": "services.servicesstep",
  "pk": 10,
  "fields": {
    "service": 10,
    "step": 2,
    "title": "ุจุฑุฑุณ ู ฺฉูุชุฑู ฺฉูุช ูุญุชูุง",
    "description": "ฺฉ ุฏฺฏู ุงุฒ ููู ุชุฑู ุจุฎุดุง ูุทูู ุดุฏู ุงุฒ ุจุง ฺฉูุช ุจูุฏู ูุญุชูุง ูุณุชุด ฺฉู ุชูุณุท ูุฒฺฏุฑุฏ ุงูุฌุงู ูุดู ู ุจุงุนุซ ุงุทููุงู ุจุดุชุฑ ูุดู"
  }
},
{
  "model": "services.servicesstep",
  "pk": 11,
  "fields": {
    "service": 10,
    "step": 3,
    "title": "ุชุณุช",
    "description": "ููู ฺ ุชู ูุฒฺฏุฑุฏ ุชุณุช ูุดูุ ุชุณุช ููู ุชุฑู ุจุฎุด ูุทููู ุดุฏู ู ุชุถูู ุฏุงุฏูู"
  }
},
{
  "model": "services.servicesstep",
  "pk": 12,
  "fields": {
    "service": 10,
    "step": 4,
    "title": "ูฺฏู ุฏุงุฑ ู ูพุดุชุจุงู",
    "description": "ุฑูุน ุงุฑุงุฏ ูุงุ ุชุบุฑุงุชุ ู ูพุดุชุจุงู ุชู ุงู ูุฑุญูู ุงูุฌุงู ูุดู ู ฺฉ ุงุฒ ุจุฒุฑฺฏุชุฑู ูุฒุช ูุง ูุฒฺฏุฑุฏู"
  }
},
{
  "model": "services.servicesstep",
  "pk": 13,
  "fields": {
    "service": 11,
    "step": 1,
    "title": "ุจุฑุฑุณ ุจุฒูุณ ูุงุฌฺฉ ู ุงุฏู ุดูุง",
    "description": "ุงููู ู ููู ุชุฑู ุจุฎุด ุจุฑุฑุณ ุจุฒูุณ ูุงุฌฺฉ ู ุงุฏู ุดูุงุณุช ฺฉู ูุทูู ุจุดู ุฏุงุฑู ฺฉุงุฑู ุฏุฑุณุช ุงูุฌุงู ูุฏู ู ุฏุฑุณุช ูุชูุฌู ุงุฏู ุฎูุงูุงูู ุชูู ุดุฏู"
  }
},
{
  "model": "services.servicesstep",
  "pk": 14,
  "fields": {
    "service": 11,
    "step": 2,
    "title": "ุทุฑุงุญ ู ุงุฑุงู ุฏูู",
    "description": "ุงุฑุงู ุฏูู ฺฉ ุงุฒ ููู ุชุฑู ุจุฎุดุง ุทุฑุงุญ ูุฑู ุงูุฒุงุฑ ุงุณุช ฺฉู ุจุชูุงูุฏ ุจุง ูุฑู ุงูุฒุงุฑ ุชุนุงูู ุฏุงุดุชู ู ุงุฏู ูุงุชููู ุจูุด  ุงุถุงูู ฺฉูุฏ"
  }
},
{
  "model": "services.servicesstep",
  "pk": 15,
  "fields": {
    "service": 11,
    "step": 3,
    "title": "ุชุณุช",
    "description": "ููู ฺ ุชู ูุฒฺฏุฑุฏ ุชุณุช ูุดูุ ุชุณุช ููู ุชุฑู ุจุฎุด ูุทููู ุดุฏู ู ุชุถูู ุฏุงุฏูู"
  }
},
{
  "model": "services.servicesstep",
  "pk": 16,
  "fields": {
    "service": 11,
    "step": 4,
    "title": "ูฺฏู ุฏุงุฑ ู ูพุดุชุจุงู",
    "description": "ุฑูุน ุงุฑุงุฏ ูุงุ ุชุบุฑุงุชุ ู ูพุดุชุจุงู ุชู ุงู ูุฑุญูู ุงูุฌุงู ูุดู ู ฺฉ ุงุฒ ุจุฒุฑฺฏุชุฑู ูุฒุช ูุง ูุฒฺฏุฑุฏู"
  }
},
{
  "model": "services.servicesstep",
  "pk": 17,
  "fields": {
    "service": 12,
    "step": 1,
    "title": "ุดูุงุฎุช ู ุจุฑุฑุณ ูุฑู ุงูุฒุงุฑ ุดูุง",
    "description": "ููู ุชุฑู ุจุฎุด ุดูุงุฎุช ูุฑู ุงูุฒุงุฑ ู ุชุนุฏุงุฏ ูุดุชุฑ ูุง ุดูุง ูุณุชุด ฺฉู ุจุชููู ุจูุชุฑู ูพุดููุงุฏ ุฑู ุจูุชูู ุจุฏู"
  }
},
{
  "model": "services.servicesstep",
  "pk": 18,
  "fields": {
    "service": 12,
    "step": 2,
    "title": "ุงูุฌุงู ุฏูพูู ุดูุง",
    "description": "ุจุงุฑฺฏุฒุงุฑ ูุฑู ุงูุฒุงุฑ ุดูุง ุฒูุฏ ุชุฑ ุงุฒ ููุดูุ ููุฑุงู ุจุง ุจุดุชุฑู ูพุงุฏุงุฑ ู ููู ุชุฑ ุงุฒ ููู ูุงุจู ุชุบุฑ ู ุฎูุฏฺฉุงุฑ ฺฉุฑุฏู"
  }
},
{
  "model": "services.servicesstep",
  "pk": 19,
  "fields": {
    "service": 12,
    "step": 3,
    "title": "ุชุณุช",
    "description": "ููู ฺ ุชู ูุฒฺฏุฑุฏ ุชุณุช ูุดูุ ุชุณุช ููู ุชุฑู ุจุฎุด ูุทููู ุดุฏู ู ุชุถูู ุฏุงุฏูู"
  }
},
{
  "model": "services.servicesstep",
  "pk": 20,
  "fields": {
    "service": 12,
    "step": 4,
    "title": "ูฺฏู ุฏุงุฑ ู ูพุดุชุจุงู",
    "description": "ุฑูุน ุงุฑุงุฏ ูุงุ ุชุบุฑุงุชุ ู ูพุดุชุจุงู ุชู ุงู ูุฑุญูู ุงูุฌุงู ูุดู ู ฺฉ ุงุฒ ุจุฒุฑฺฏุชุฑู ูุฒุช ูุง ูุฒฺฏุฑุฏู"
  }
},
{
  "model": "services.servicesstep",
  "pk": 21,
  "fields": {
    "service": 13,
    "step": 1,
    "title": "ุจุฑุฑุณ ูุฑู ุงูุฒุงุฑ ู ุฎุทุฑุงุช",
    "description": "ุจุฑุฑุณ ุฎุทุฑุงุช ู ูุดฺฉูุงุช  ู ุจุงฺฏ ูุง ูุฑู ุงูุฒุงุฑ ฺฉู ููู ุชุฑู ุนูุงูู ูููุฐ ูุณุชูุฏ ููู ุชุฑู ูุฑุญูู ูุณุชุด"
  }
},
{
  "model": "services.servicesstep",
  "pk": 22,
  "fields": {
    "service": 13,
    "step": 2,
    "title": "ูพุดููุงุฏ ู ุงูุฌุงู ูุนุงูุช ุจุฑุง ุฌููฺฏุฑ",
    "description": "ููุดู ฺฏูุชู ูพุดฺฏุฑ ุจูุชุฑ ุงุฒ ุฏุฑูุงููุ ูพุณ ูุจู ุงุฒ ุงู ฺฉู ุจู ูุดฺฉู ุจุฎูุฑุฏุ ูุง ุจูุชูู ูพุดููุงุฏ ุงูุฌุงู ูุนุงูุช ูุง ุจุฑุง ุงูุฒุงุด ุงููุช ุจูุชูู ูุฏู"
  }
},
{
  "model": "services.servicesstep",
  "pk": 23,
  "fields": {
    "service": 13,
    "step": 3,
    "title": "ุชุณุช",
    "description": "ููู ฺ ุชู ูุฒฺฏุฑุฏ ุชุณุช ูุดูุ ุชุณุช ููู ุชุฑู ุจุฎุด ูุทููู ุดุฏู ู ุชุถูู ุฏุงุฏูู"
  }
},
{
  "model": "services.servicesstep",
  "pk": 24,
  "fields": {
    "service": 13,
    "step": 4,
    "title": "ูฺฏู ุฏุงุฑ ู ูพุดุชุจุงู",
    "description": "ูุฒฺฏุฑุฏ ุชุง ุชูุด ุจุงูุงุชููู ู ูุฑุงูุจุชูู ูุณุช ฺฉู ุจู ูุดฺฉู ูุฎูุฑุฏ ฺฉู  ู ฺฉ ุงุฒ ุจุฒุฑฺฏุชุฑู ูุฒุช ูุง ูุฒฺฏุฑุฏู"
  }
},
{
  "model": "services.servicesstep",
  "pk": 25,
  "fields": {
    "service": 14,
    "step": 1,
    "title": "ุจุฑุฑุณ ุญุณุงุจ ุดูุง",
    "description": "ุจุฑุฑุณ ุญุณุงุจ ุดูุง ู ูพุฏุง ฺฉุฑุฏู ูุดฺฉูุงุช ุงููุช ููู ุชุฑู ุจุฎุด ูุณุชุด"
  }
},
{
  "model": "services.servicesstep",
  "pk": 26,
  "fields": {
    "service": 14,
    "step": 2,
    "title": "ุงูุฌุงู ุนููุงุช ููุงูู ุณุงุฒ",
    "description": "ููุงูู ุณุงุฒ ุญุณุงุจ ุดูุง ุฏุฑ ููุงุจู ุญููุงุช ุ ฺฉ ุฏฺฏู ุงุฒ ููู ุชุฑู ุจุฎุด ูุง ูุณุชุด"
  }
},
{
  "model": "services.servicesstep",
  "pk": 27,
  "fields": {
    "service": 14,
    "step": 3,
    "title": "ุชุณุช",
    "description": "ููู ฺ ุชู ูุฒฺฏุฑุฏ ุชุณุช ูุดูุ ุชุณุช ููู ุชุฑู ุจุฎุด ูุทููู ุดุฏู ู ุชุถูู ุฏุงุฏูู"
  }
},
{
  "model": "services.servicesstep",
  "pk": 28,
  "fields": {
    "service": 14,
    "step": 4,
    "title": "ูฺฏู ุฏุงุฑ ู ูพุดุชุจุงู",
    "description": "ุฑูุน ุงุฑุงุฏ ูุงุ ุชุบุฑุงุชุ ู ูพุดุชุจุงู ุชู ุงู ูุฑุญูู ุงูุฌุงู ูุดู ู ฺฉ ุงุฒ ุจุฒุฑฺฏุชุฑู ูุฒุช ูุง ูุฒฺฏุฑุฏู"
  }
},
{
  "model": "services.servicesstep",
  "pk": 29,
  "fields": {
    "service": 15,
    "step": 1,
    "title": "ุจุฑุฑุณ ฺฉุณุจ ู ฺฉุงุฑ ู ุจุงุฒุงุฑ ูุฏู",
    "description": "ููู ุชุฑู ุจุฎุด ู ููุถูุน ฺฉู  ูุฌูุฏ ุฏุงุฑู ุดูุงุฎุช ฺฉุณุจ ู ฺฉุงุฑ ุดูุง ู ุจุงุฒุงุฑ ูุฏู ูุณุชุด"
  }
},
{
  "model": "services.servicesstep",
  "pk": 30,
  "fields": {
    "service": 15,
    "step": 2,
    "title": "ุงูุฌุงู ูุนุงูุช ูุง ูุงุฑฺฉุชูฺฏ ู ุชุจูุบุงุช",
    "description": "ุชุจูุบุงุชุ ฺฉ ุงุฒ ููู ุชุฑู ุจุฎุด ู ุฏููู ูุฑุญูู ูพุณ ุงุฒ ุดูุงุฎุช ูุนุงูุช ูุง ุดูุง ุงุณุช ฺฉู ุจุชูุงูู ุงูุฑุงุฏ ุนูุงูู ููุฏ ุฑุง ุฌุฐุจ ฺฉุณุจ ู ฺฉุงุฑุชูู ุจฺฉูู"
  }
},
{
  "model": "services.servicesstep",
  "pk": 31,
  "fields": {
    "service": 15,
    "step": 3,
    "title": "ุชุณุช",
    "description": "ููู ฺ ุชู ูุฒฺฏุฑุฏ ุชุณุช ูุดูุ ุชุณุช ููู ุชุฑู ุจุฎุด ูุทููู ุดุฏู ู ุชุถูู ุฏุงุฏูู"
  }
},
{
  "model": "services.servicesstep",
  "pk": 32,
  "fields": {
    "service": 15,
    "step": 4,
    "title": "ูฺฏู ุฏุงุฑ ู ูพุดุชุจุงู",
    "description": "ุฑูุน ุงุฑุงุฏ ูุงุ ุชุบุฑุงุชุ ู ูพุดุชุจุงู ุชู ุงู ูุฑุญูู ุงูุฌุงู ูุดู ู ฺฉ ุงุฒ ุจุฒุฑฺฏุชุฑู ูุฒุช ูุง ูุฒฺฏุฑุฏู"
  }
},
{
  "model": "projects.project",
  "pk": 5,
  "fields": {
    "name": "ูุฑู ุงูุฒุงุฑ ฺฉุงูู ฺ",
    "description": "ูุฑู ุงูุฒุงุฑ ฺฉุงูู ฺ ุงุฒ ฺฉุงูู ุจุงุฒ ุจูุฏู ุงูุฑุงุฏ ุชู ูพุฏุง ุดุฏ ู ุจุง ูุดฺฉูุงุช ฺฉู ูุฑู ุงูุฒุงุฑ ูุง ูุฏุฑุช ฺฉุงูู ุฑุณุชูุฑุงู ูุง ุฏุงุดุชูุ ุชุตูู ฺฏุฑูุชู ฺฉู ุฎูุฏููู ุฏุณุช ุจู ฺฉุงุฑ ุจุดู ู ุงู ูุดฺฉูุงุชู ุญู ฺฉูู",
    "image": "projects/project-5.png",
    "video": "ฐ",
    "video_cover": "ฐ",
    "type": [
      40,
      37
    ]
  }
},
{
  "model": "projects.projectdeliver",
  "pk": 4,
  "fields": {
    "project": 5,
    "icon": "fa fa-check",
    "title": "ุณุงุฏู ุดุฏู ฺฉุงุฑ ูุง",
    "txt": "ุจุง ฺฉุงูู ฺ ฺฉุงุฑุง ุชู ฺฉุงูู ูุง ุณุงุฏู ุชุฑ ุดุฏู"
  }
},
{
  "model": "projects.projectdeliver",
  "pk": 5,
  "fields": {
    "project": 5,
    "icon": "fa fa-check",
    "title": "ุจูุจูุฏ ุนููฺฉุฑุฏ ฺฉุงูู ูุง",
    "txt": "ุจุง ฺฉุงูู ฺ ุฎู ุงุฒ ฺฉุงุฑุง ุฌูู ุงูุชุงุฏู ู ฺฉูุช ูุง ุจูุชุฑ ุดุฏู"
  }
}
]
